Product,Date,Monthly_Sales
Electronics,2023-01-01,8101.39
Electronics,2023-02-01,7838.47
Electronics,2023-03-01,9206.81
Electronics,2023-04-01,9065.27
Electronics,2023-05-01,9258.72
Electronics,2023-06-01,9065.06
Electronics,2023-07-01,8858.98
Electronics,2023-08-01,8392.2
Electronics,2023-09-01,7903.1900000000005
Electronics,2023-10-01,9618.06
Electronics,2023-11-01,9700.34
Electronics,2023-12-01,10342.16
Electronics,2024-01-01,9381.55
Electronics,2024-02-01,9358.58
Electronics,2024-03-01,10155.02
Electronics,2024-04-01,10100.55
Electronics,2024-05-01,10475.54
Electronics,2024-06-01,9635.32
Electronics,2024-07-01,9794.29
Electronics,2024-08-01,9509.48
Electronics,2024-09-01,8960.18
Electronics,2024-10-01,10631.51
Electronics,2024-11-01,10666.5
Electronics,2024-12-01,11354.98
Electronics,2025-01-01,10272.77
Electronics,2025-02-01,10113.26
Electronics,2025-03-01,11504.16
Electronics,2025-04-01,11407.65
Electronics,2025-05-01,11887.43
Electronics,2025-06-01,11367.2
Electronics,2025-07-01,10879.19
Electronics,2025-08-01,10623.619999999999
Electronics,2025-09-01,9632.32
Electronics,2025-10-01,12152.65
Electronics,2025-11-01,11841.75
Electronics,2025-12-01,12739.84
Fashion,2023-01-01,4791.72
Fashion,2023-02-01,4561.2300000000005
Fashion,2023-03-01,5201.0199999999995
Fashion,2023-04-01,5417.33
Fashion,2023-05-01,5451.16
Fashion,2023-06-01,5528.93
Fashion,2023-07-01,5427.8
Fashion,2023-08-01,5422.66
Fashion,2023-09-01,4594.35
Fashion,2023-10-01,5581.74
Fashion,2023-11-01,5548.57
Fashion,2023-12-01,5968.29
Fashion,2024-01-01,5408.76
Fashion,2024-02-01,5238.33
Fashion,2024-03-01,6069.74
Fashion,2024-04-01,5805.96
Fashion,2024-05-01,6214.59
Fashion,2024-06-01,6486.02
Fashion,2024-07-01,6230.87
Fashion,2024-08-01,5828.4
Fashion,2024-09-01,5136.85
Fashion,2024-10-01,6193.74
Fashion,2024-11-01,5926.29
Fashion,2024-12-01,6741.37
Fashion,2025-01-01,6020.99
Fashion,2025-02-01,5718.94
Fashion,2025-03-01,6566.54
Fashion,2025-04-01,6328.35
Fashion,2025-05-01,6748.6
Fashion,2025-06-01,7030.11
Fashion,2025-07-01,6819.5
Fashion,2025-08-01,6442.4
Fashion,2025-09-01,5596.05
Fashion,2025-10-01,6916.86
Fashion,2025-11-01,6842.64
Fashion,2025-12-01,7381.85
Grocery,2023-01-01,5827.04
Grocery,2023-02-01,5476.74
Grocery,2023-03-01,6425.35
Grocery,2023-04-01,6729.62
Grocery,2023-05-01,7050.69
Grocery,2023-06-01,6158.64
Grocery,2023-07-01,6072.23
Grocery,2023-08-01,5837.22
Grocery,2023-09-01,5386.27
Grocery,2023-10-01,6719.43
Grocery,2023-11-01,6695.4
Grocery,2023-12-01,7429.04
Grocery,2024-01-01,6417.55
Grocery,2024-02-01,6566.48
Grocery,2024-03-01,7138.5
Grocery,2024-04-01,7496.03
Grocery,2024-05-01,7745.28
Grocery,2024-06-01,7018.28
Grocery,2024-07-01,6861.61
Grocery,2024-08-01,6685.89
Grocery,2024-09-01,6191.41
Grocery,2024-10-01,7472.12
Grocery,2024-11-01,7306.95
Grocery,2024-12-01,7773.72
Grocery,2025-01-01,7235.42
Grocery,2025-02-01,6856.3099999999995
Grocery,2025-03-01,7927.41
Grocery,2025-04-01,8453.7
Grocery,2025-05-01,8856.5
Grocery,2025-06-01,7547.27
Grocery,2025-07-01,7522.86
Grocery,2025-08-01,7158.39
Grocery,2025-09-01,6715.98
Grocery,2025-10-01,8210.42
Grocery,2025-11-01,8080.33
Grocery,2025-12-01,8758.01
