Product,Date,Forecast_Sales
Electronics,2026-01-01,11259.544599999996
Electronics,2026-02-01,10876.257094444429
Electronics,2026-03-01,10898.55365000001
Electronics,2026-04-01,10859.023677777775
Electronics,2026-05-01,10856.002416666659
Electronics,2026-06-01,10822.172765555553
Fashion,2026-01-01,6582.942233333341
Fashion,2026-02-01,6152.3550999999925
Fashion,2026-03-01,6260.148741666675
Fashion,2026-04-01,6445.569553888901
Fashion,2026-05-01,6465.006609444461
Fashion,2026-06-01,6516.303891666677
Grocery,2026-01-01,7930.5632666666725
Grocery,2026-02-01,7904.2578333333395
Grocery,2026-03-01,7924.283300000001
Grocery,2026-04-01,7952.864274999997
Grocery,2026-05-01,8007.817700000005
Grocery,2026-06-01,7937.313333333338
